Urdu,Latin
میں,mein
تم,tum
وہ,wo
آپ,aap
ہم,ham
لوگ,log
ہے,hai
ہیں,hain
ہو,ho
ہوں,hun
تھا,tha
تھی,thi
تھے,the
تھیں,thin
گا,ga
گی,gi
گے,ge
رہا,raha
رہے,rahe
رہی,rahi
چکا,chuka
چکی,chuki
چکے,chuke
چاہتا,chahta
چاہتی,chahti
چاہتے,chahte
کا,ka
کی,ki
کے,ke
سے,se
پر,par
کو,ko
نے,ne
میرا,mera
میری,meri
میرے,mere
تمہارا,tumhara
تمہاری,tumhari
تمہارے,tumhare
ہمارا,hamara
ہماری,hamari
ہمارے,hamare
مجھ,mujh
اس,us
اِس,is
اُس,us
ان,un
اِن,in
اُن,un
لوگوں,logon
مجھے,mujhe
اسے,use
اُسے,use
اِسے,ise
انہیں,unhain
اِنہیں,inhain
اُنہیں,unhain
ہمیں,hamain
کیا,kya
کہاں,kahan
کدھر,kidhar
کِدھر,kidhar
کب,kab
کون,kon
کیوں,kyu
کیسے,kese
کیسا,kesa
کیسی,kesi
کس,kis
کِس,kis
کسی,kisi
کِسی,kisi
یہاں,yahan
وہاں,wahan
ادھر,udhar
اُدھر,udhar
اِدھر,idhar
اب,ab
جب,jab
تب,tab
سب,sab
جہاں,jahan
ایسا,aisa
ایسے,aise
ایسی,aisi
ویسا,waisa
ویسی,waisi
ویسے,waise
جیسا,jaisa
جیسے,jaise
جیسی,jaisi
کھانا,khana
سیکھنا,sikhna
چھوٹا,chota
چھوٹی,choti
چھوٹے,chote
بڑا,barda
بڑی,bardi
بڑے,barde
پرانا,purana
پرانی,purani
پرانے,purane
نیا,naya
نئی,nayi
نئے,naye
خوبصورت,khoobsurat
بدصورت,badsorat
خوش,khush
غمگین,ghamgeen
تیز,tez
آہستہ,aahesta
موٹا,mota
موٹی,moti
موٹے,mote
پتلا,patla
پتلی,patli
پتلے,patle
سخت,sakhat
نرم,naram
گرم,garam
ٹھنڈا,thanda
ٹھنڈی,thandi
ٹھنڈے,thande
شیرین,shareen
میٹھا,meetha
میٹھی,meethi
مٹھے,meethe
کھٹا,khatta
کھٹی,khatti
کھٹے,khatte
کڑوا,kardwa
کڑوی,khardwi
کڑوے,khardwe
نم,nam
خشک,khushak
بلند,buland
کم,kam
زندہ,zinda
سنجیدہ,sanjeeda
شریف,shareef
جھوٹا,jhoota
جوٹی,jhooti
جھوٹے,jhoote
محترم,mohtram
بے ادب,be adab
صاف,saaf
گندا,ganda
گندی,gandi
گندے,gande
سست,sust
محنتی,mehanti
مستقل,mustqil
متغیر,matqheer
سادہ,sada
سادی,sadi
سادے,sade
پیچیدہ,pecheeda
ممتاز,mumtaaz
قدیم,qadeem
جدید,jadeed
مختلف,mukhtlif
یکساں,yaksaan
شجاع,shuja
عقلمند,aqal mand
بے وقوف, be-wa-qoof
مستحکم,mustehkam
کمزور,kamzor
صحیح,Sahi
غلط,ghalat
ممکن,mumkin
ناممکن,na mumkin
خوشی,khusi
زخمی,zakhmi
بائیں,bayin
خالی,khali
بھرا,bhara
بھری,bhari
بھرے,bhare
معمولی,mamooli
بلند,buland
کم,kam
گہرا,gehra
کامیاب,kaamyaab
ناکام,nakaam
شادمان,shaadman
ناراض,naraz
پرہیزگار,parhez gar
بے فکر,be fikar
پریشان,preshan
بھوکا,bhooka
بھوکی,bhooki
بھوکے,bhooke
پیاسا,pyasa
پیاسی,pyasi
پیاسے,pyase
خوفزدہ,khofzada
بے خوف,be khof
نادان,nadan
شیطان,shetan
جذباتی,jazbati
بے حس,be his
متفق,mutfiq
اختلافی,ikhtlafi
مستقل,mustqil
نیک,naik
برا,bura
بری,buri
برے,bure
تازہ,taza
تازی,tazi
تازے,taze
مریض,mareez
صحت,sehat
مند,mand
عام,aam
نادر,nadar
قریبی,qreebi
خاموش,khamosh
عجیب,ajeeb
آشنا,aashna
نامعلوم,namaloom
پرستار,pur sitar
سفید,safaid
سیاہ,seah
پیلا,peela
پیلی,peeli
پیلے,peele
سرخ,surakh
لال,laal
زرد,zard
نیلا,neela
نیلی,neeli
نیلے,neele
گلابی,glabi
نارنجی,naranji
بھورا,bhoora
بھوری,bhoori
بھورے,bhoore
خرم,khuram
شریف,shareef
خودغرض,khud gharaz
سنگین,sangeen
مشکل,mushkil
آسان,aasaan
دور,door
قریب,qareeb
نزدیق,nazdeeq
اچھا,acha
اچھی,achi
اچھے,ache
کالا,kala
کالی,kali
کالے,kale
وفادار,wafa dar
پہنچانا,pohanchana
سمبھالنا,sambhalna
خریدنا,khareedna
لینا,lena
چھپانا,chupana
بانٹنا,baantna
باندھنا,bandhna
گھورنا,ghoorna
دینا,dena
گزارنا,guzarna
ڈھونڈنا,dhoondna
ہونا,hona
چیخنا,cheekhna
منانا,manana
ملنا,milna
گرنا,girna
سکھانا,sikhana
لگانا,lagana
پھینکنا,phaikna
ہارنا,harna
دھکیلنا,dhakailna
کھینچنا,khainchna
پھسلنا,phisalna
پکڑنا,pakardna
نچوڑنا,nachordna
چھونا,choona
بنانا,banana
کاٹنا,kaatna
مڑنا,murdna
رکھنا,rakhna
کھیلنا,khailna
چلنا,chalna
لپیٹنا,lapaitna
چھیلنا,cheelna
کرنا,krna
پھنسنا,phansna
ڈرنا,darna
لٹکانا,latkana
کھجانا,khujana
گھسنا,ghusna
اٹھانا,uthana
بیٹھنا,bhaithna
لیٹنا,leitna
جھکنا,jhukna
اڑنا,urdna
سلنا,silna
چبانا,chabana
نگلنا,nigalna
چوسنا,choosna
کھودنا,khodna
چھڑکنا,chiradkna
ٹکرانا,takrana
ٹھہرنا,theharna
پھیلنا,phailna
ڈوبنا,doobna
جھٹکنا,jhatkna
کھولنا,kholna
پلٹانا,palatana
پلٹنا,palatna
پھیلانا,phelana
تیرنا,tairna
پرکھنا,prakhna
لڑنا,lardna
بہکانا,behkana
مانگنا,mangna
ابالنا,ubalna
موڑنا,mordna
بہنا,behna
لانا,lana
جننا,janna
دیکھنا,deikhna
شرمانا,sharmana
کھلنا,khilna
مارنا,marna
جلنا,jalna
جلانا,jalana
دُھندلانا,dhudlana
کسنا,kasna
جتانا,jatana
پوچھنا,puchna
جگانا,jagana
سراہنا,srahna
ٹالنا,taalna
بچنا,baichna
جاگنا,jagna
بخشنا,bakhashna
کھانا,khana
پینا,pina
دھونا,dhona
نہانا,nahana
پڑھنا,pardhna
پڑھانا,pardhana
سیکھنا,sikhna
سیکھانا,sikhana
لکھنا,likhna
پکانا,pakana
سونا,sona
جانا,jana
کہنا,kehna
بیچنا,baichna
بھاگنا,bhagna
اٹھنا,uthna
سننا,sunna
رہنا,rehna
بولنا,bolna
آنا,aana
جیتنا,jeetna
سمجھانا,samjhana
بتانا,batana
بھیجنا,bheijna
دکھنا,dikhna
کروانا,krwana
کھلانا,khilana
سمجھنا,samjhana
بھولنا,bhoolna
بلانا,bulana
کھونا,khona
چھوڑنا,chordna
بنوانا,banwana
پکوانا,pakwana
دھلوانا,dhulwana
نہلانا,nehlana
لکھوانا,likhwana
سلانا,silana
کٹوانا,katwana
سنانا,sunana
پہنچاتا,pohanchata
سمبھالتا,sambhalta
خریدتا,khareedta
لیتا,leta
چھپاتا,chupata
بانٹتا,baantta
باندھتا,bandhta
گھورتا,ghoorta
دیتا,deta
گزارتا,guzarta
ڈھونڈتا,dhoondta
ہوتا,hota
چیختا,cheekhta
مناتا,manata
ملتا,milta
گرتا,girta
سکھاتا,sikhata
لگاتا,lagata
پھینکتا,phaikta
ہارتا,harta
دھکیلتا,dhakailta
کھینچتا,khainchta
پھسلتا,phisalta
پکڑتا,pakardta
نچوڑتا,nachordta
چھوتا,choota
بناتا,banata
کاٹتا,kaatta
مڑتا,murdta
رکھتا,rakhta
کھیلتا,khailta
چلتا,chalta
لپیٹتا,lapaitta
چھیلتا,cheelta
کرتا,krta
پھنستا,phansta
ڈرتا,darta
لٹکاتا,latkata
کھجاتا,khujata
گھستا,ghusta
اٹھاتا,uthata
بیٹھتا,bhaithta
جھکتا,jhukta
اڑتا,urdta
بہتا,behta
سلتا,silta
مارتا,marta
چباتا,chabata
نگلتا,nigalta
چوستا,choosta
کھودتا,khodta
ٹکراتا,takrata
ٹھہرتا,theharta
پھیلتا,phailta
ڈوبتا,doobta
جھٹکتا,jhatkta
کھولتا,kholta
پلٹاتا,palatata
پلٹتا,palatta
پھیلاتا,phelata
تیرتا,tairta
چھڑکتا,chiradkta
پرکھتا,prakhta
لڑتا,lardta
بہکاتا,behkata
مانگتا,mangta
ابالتا,ubalta
موڑتا,mordta
لاتا,lata
جنتا,janta
دیکھتا,deikhta
شرماتا,sharmata
کھلتا,khilta
جلتا,jalta
جلاتا,jalata
دھندلاتا,dhudlata
کستا,kasta
جتاتا,jatata
پوچھتا,puchta
جگاتا,jagata
سراہتا,srahta
ٹالتا,taalta
بچتا,baichta
جاگتا,jagta
بغشتا,bakhashta
کھاتا,khata
پیتا,pita
دھوتا,dhota
نہاتا,nahata
پڑھتا,pardhta
پڑھاتا,pardhata
سیکھتا,sikhta
سیکھاتا,sikhata
لکھتا,likhta
پکاتا,pakata
سوتا,sota
جاتا,jata
کہتا,kehta
بیچتا,baichta
بھاگتا,bhagta
اٹھتا,uthta
سنتا,sunta
رہتا,rehta
بولتا,bolta
آتا,aata
جیتتا,jeetta
سمجھاتا,samjhata
بتاتا,batata
بھیجتا,bheijta
دکھتا,dikhta
کرواتا,krwata
کھلاتا,khilata
سمجھتا,samjhata
بھولتا,bhoolta
بلاتا,bulata
کھوتا,khota
چھوڑتا,chordta
بنواتا,banwata
پکواتا,pakwata
دلواتا,dhulwata
نہلاتا,nehlata
لکھواتا,likhwata
سلاتا,silata
کٹواتا,katwata
سناتا,sunata
لیٹتا,leitta
پہنچاتی,pohanchati
سمبھالتی,sambhalti
خریدتی,khareedti
لیتی,leti
چھپاتی,chupati
بانٹتی,baantti
باندھتی,bandhti
گھورتی,ghoorti
دیتی,deti
گزارتی,guzarti
ڈھونڈتی,dhoondti
ہوتی,hoti
چیختی,cheekhti
مناتی,manati
ملتی,milti
گرتی,girti
سکھاتی,sikhati
لگاتی,lagati
پھینکتی,phaikti
ہارتی,harti
دھکیلتی,dhakailti
کھینچتی,khainchti
پھسلتی,phisalti
پکڑتی,pakardti
نچوڑتی,nachordti
چھوتی,chooti
بناتی,banati
کاٹتی,kaatti
مڑتی,murdti
رکھتی,rakhti
کھیلتی,khailti
چلتی,chalti
لپیٹتی,lapaitti
چھیلتی,cheelti
کرتی,krti
پھنستی,phansti
ڈرتی,darti
لٹکاتی,latkati
کھجاتی,khujati
گھستی,ghusti
اٹھاتی,uthati
بیٹھتی,bhaithti
جھکتی,jhukti
اڑتی,urdti
بہتی,behti
سلتی,silti
مارتی,marti
چباتی,chabati
نگلتی,nigalti
چوستی,choosti
کھودتی,khodti
ٹکراتی,takrati
ٹھہرتی,theharti
پھیلتی,phailti
ڈوبتی,doobti
جھٹکتی,jhatkti
کھولتی,kholti
پلٹاتی,palatati
پلٹتی,palatti
پھیلاتی,phelati
تیرتی,tairti
چھڑکتی,chiradkti
پرکھتی,prakhti
لڑتی,lardti
بہکاتی,behkati
مانگتی,mangti
ابالتی,ubalti
موڑتی,mordti
لاتی,lati
جنتی,janti
دیکھتی,deikhti
شرماتی,sharmati
کھلتی,khilti
جلتی,jalti
جلاتی,jalati
دھندلاتی,dhudlati
کستی,kasti
جتاتی,jatati
پوچھتی,puchti
جگاتی,jagati
سراہتی,srahti
ٹالتی,taalti
بچتی,baichti
جاگتی,jagti
بغشتی,bakhashti
کھاتی,khati
پیتی,piti
دھوتی,dhoti
نہاتی,nahati
پڑھتی,pardhti
پڑھاتی,pardhati
سیکھتی,sikhti
سیکھاتی,sikhati
لکھتی,likhti
پکاتی,pakati
سوتی,soti
جاتی,jati
کہتی,kehti
بیچتی,baichti
بھاگتی,bhagti
اٹھتی,uthti
سنتی,sunti
رہتی,rehti
بولتی,bolti
آتی,aati
جیتتی,jeetti
سمجھاتی,samjhati
بتاتی,batati
بھیجتی,bheijti
دکھتی,dikhti
کرواتی,krwati
کھلاتی,khilati
سمجھتی,samjhati
بھولتی,bhoolti
بلاتی,bulati
کھوتی,khoti
چھوڑتی,chordti
بنواتی,banwati
پکواتی,pakwati
دلواتی,dhulwati
نہلاتی,nehlati
لکھواتی,likhwati
سلاتی,silati
کٹواتی,katwati
سناتی,sunati
لیٹتی,leitti
پہنچاتے,pohanchate
سمبھالتے,sambhalte
خریدتے,khareedte
لیتے,lete
چھپاتے,chupate
بانٹتے,baantte
باندھتے,bandhte
گھورتے,ghoorte
دیتے,dete
گزارتے,guzarte
ڈھونڈتے,dhoondte
ہوتے,hote
چیختے,cheekhte
مناتے,manate
ملتے,milte
گرتے,girte
سکھاتے,sikhate
لگاتے,lagate
پھینکتے,phaikte
ہارتے,harte
دھکیلتے,dhakailte
کھینچتے,khainchte
پھسلتے,phisalte
پکڑتے,pakardte
نچوڑتے,nachordte
چھوتے,choote
بناتے,banate
کاٹتے,kaatte
مڑتے,murdte
رکھتے,rakhte
کھیلتے,khailte
چلتے,chalte
لپیٹتے,lapaitte
چھیلتے,cheelte
کرتے,krte
پھنستے,phanste
ڈرتے,darte
لٹکاتے,latkate
کھجاتے,khujate
گھستے,ghuste
اٹھاتے,uthate
بیٹھتے,bhaithte
جھکتے,jhukte
اڑتے,urdte
بہتے,behte
سلتے,silte
مارتے,marte
چباتے,chabate
نگلتے,nigalte
چوستے,chooste
کھودتے,khodte
ٹکراتے,takrate
ٹھہرتے,theharte
پھیلتے,phailte
ڈوبتے,doobte
جھٹکتے,jhatkte
کھولتے,kholte
پلٹاتے,palatate
پلٹتے,palatte
پھیلاتے,phelate
تیرتے,tairte
چھڑکتے,chiradkte
پرکھتے,prakhte
لڑتے,lardte
بہکاتے,behkate
مانگتے,mangte
ابالتے,ubalte
موڑتے,mordte
لاتے,late
جنتے,jante
دیکھتے,deikhte
شرماتے,sharmate
کھلتے,khilte
جلتے,jalte
جلاتے,jalate
دھندلاتے,dhudlate
کستے,kaste
جتاتے,jatate
پوچھتے,puchte
جگاتے,jagate
سراہتے,srahte
ٹالتے,taalte
بچتے,baichte
جاگتے,jagte
بغشتے,bakhashte
کھاتے,khate
پیتے,pite
دھوتے,dhote
نہاتے,nahate
پڑھتے,pardhte
پڑھاتے,pardhate
سیکھتے,sikhte
سیکھاتے,sikhate
لکھتے,likhte
پکاتے,pakate
سوتے,sote
جاتے,jate
کہتے,kehte
بیچتے,baichte
بھاگتے,bhagte
اٹھتے,uthte
سنتے,sunte
رہتے,rehte
بولتے,bolte
آتے,aate
جیتتے,jeette
سمجھاتے,samjhate
بتاتے,batate
بھیجتے,bheijte
دکھتے,dikhte
کرواتے,krwate
کھلاتے,khilate
سمجھتے,samjhate
بھولتے,bhoolte
بلاتے,bulate
کھوتے,khote
چھوڑتے,chordte
بنواتے,banwate
پکواتے,pakwate
دلواتے,dhulwate
نہلاتے,nehlate
لکھواتے,likhwate
سلاتے,silate
کٹواتے,katwate
سناتے,sunate
لیٹتے,leitte
پہنچا,pohancha
سمبھال,sambhal
خرید,khareed
لے,le
چھپا,chupa
بانٹ,baant
باندھ,bandh
گھور,ghoor
دے,de
گزار,guzar
ڈھونڈ,dhoond
ہو,ho
چیخ,cheekh
منا,mana
مل,mil
گر,gir
سکھا,sikha
لگا,laga
پھینک,phaik
ہار,har
دھکیل,dhakail
کھینچ,khainch
پھسل,phisal
پکڑ,pakard
نچوڑ,nachord
چھو,choo
بنا,bana
کاٹ,kaat
مڑ,murd
رکھ,rakh
کھیل,khail
چل,chal
لپیٹ,lapait
چھیل,cheel
کر,kr
پھنس,phans
ڈر,dar
لٹکا,latka
کھجا,khuja
گھس,ghus
اٹھا,utha
بیٹھ,bhaith
جھک,jhuk
اڑ,urd
بہ,beh
سل,sil
مار,mar
چبا,chaba
نگل,nigal
چوس,choos
کھود,khod
ٹکرا,takra
ٹھہر,thehar
پھیل,phail
ڈوب,doob
جھٹک,jhatk
کھول,khol
پلٹا,palata
پلٹ,palat
پھیلا,phela
تیر,tair
چھڑک,chiradk
پرکھ,prakh
لڑ,lard
بہکا,behka
مانگ,mang
ابال,ubal
موڑ,mord
لا,la
جن,jan
دیکھ,deikh
شرما,sharma
کھل,khil
جل,jal
جلا,jala
دھندلا,dhudla
کس,kas
جتا,jata
پوچھ,puch
جگا,jaga
سراہ,srah
ٹال,taal
بچ,baich
جاگ,jag
بغش,bakhash
کھا,kha
پی,pi
دھو,dho
نہا,naha
پڑھ,pardh
پڑھا,pardha
سیکھ,sikh
سیکھا,sikha
لکھ,likh
پکا,paka
سو,so
جا,ja
کہ,keh
بیچ,baich
بھاگ,bhag
اٹھ,uth
سن,sun
رہ,reh
بول,bol
آ,aa
جیت,jeet
سمجھا,samjha
بتا,bata
بھیج,bheij
دکھ,dikh
کروا,krwa
کھلا,khila
سمجھ,samjha
بھول,bhool
بلا,bula
کھو,kho
چھوڑ,chord
بنوا,banwa
پکوا,pakwa
دلوا,dhulwa
نہلا,nehla
لکھوا,likhwa
سلا,sila
کٹوا,katwa
سنا,suna
لیٹ,leit
پہنچاؤں,pohanchaun
چھپاؤں,chupaun
مناؤں,manaun
سکھاؤں,sikhaun
لگاؤں,lagaun
چھوؤں,chuun
بناؤں,banaun
لٹکاؤں,latkaun
کھجاؤں,khujaun
اٹھاؤں,uthaun
چباؤں,chabaun
ٹکراؤں,takraun
پلٹاؤں,paltaun
پھیلاؤں,phelaun
بہکاؤں,behkaun
لاؤں,laun
شرماؤں,sharmaun
جلاؤں,jalaun
دھندلاؤں,dhundlaun
جتاؤں,jataun
جگاؤں,jagaun
کھاؤں,khaun
پیؤں,piun
دھوؤں,dhoun
نہاؤں,nahaun
پڑھاؤں,pardhaun
پکاؤں,pakaun
سوؤں,soun
جاؤں,jaun
آؤں,aaun
سمجھاؤں,samjhaun
بتاؤں,bataun
کرواؤں,krwaun
کھلاؤں,khilaun
بلاؤں,bulaun
کھوؤں,khoun
بنواؤں,banwaun
پکواؤں,pakwaun
دلواؤں,dhulwaun
نہلاؤں,nehlaun
لکھواؤں,likhaun
سلاؤں,silaun
کٹواؤں,katwaun
سناؤں,sunaun
سمبھالوں,sambhalun
خریدوں,khareedun
لوں,lun
بانٹوں,bantun
باندھوں,bandhun
گھوروں,ghoorun
دوں,dun
گزاروں,guzarun
ڈھونڈوں,dhoondun
چیخوں,cheekhun
ملوں,milun
گروں,girun
پھینکوں,phaikhun
ہاروں,harun
دھکیلوں,dhaikelun
کھینچوں,khainchun
پھسلوں,philsalun
پکڑوں,pakrdun
نچوڑوں,nachordun
کاٹوں,kaatun
مڑوں,murdun
رکھوں,rakhun
کھیلوں,khailun
چلوں,chalun
لپیٹوں,lapaitun
چھیلوں,cheelun
کروں,krun
پھنسوں,phansun
ڈروں,dordun
گھسوں,ghusun
بیٹھوں,bhaithun
جھکوں,jhukun
اڑوں,urdhun
بہوں,bahun
سلوں,silun
ماروں,marun
نگلوں,niglun
چوسوں,chusun
کھودوں,khodun
ٹھہروں,thehrun
پھیلوں,phelun
ڈوبوں,doobun
جھٹکوں,jhatkun
کھولوں,kholun
پلٹوں,paltun
تیروں,tairun
چھڑکوں,chirdkun
پرکھوں,parkhun
لڑوں,lardun
مانگوں,mangun
ابالوں,ubalun
موڑوں,mordun
جنوں,janun
دیکھوں,deikhun
کھلوں,khilun
جلوں,jalun
کسوں,kasun
پوچھوں,puchun
سراہوں,sarahun
ٹالوں,taalun
بچوں,bachun
جاگوں,jaagun
بغشوں,bakhshu
پڑھوں,pardhun
سیکھوں,sikhun
لکھوں,likhun
کہوں,kahun
بیچوں,baichun
بھاگوں,bhagun
اٹھوں,uthun
سنوں,sunun
رہوں,rahun
بولوں,bolun
بھیجوں,bhejhun
دکھوں,dukhun
سمجھوں,samjhun
بھولوں,bhoolun
چھوڑوں,chordun
لیٹوں,leitun
جیتوں,jeetun
پہنچاؤ,pohanchao
چھپاؤ,chupao
مناؤ,manao
سکھاؤ,sikhao
لگاؤ,lagao
چھوؤ,chuo
بناؤ,banao
لٹکاؤ,latkao
کھجاؤ,khujao
اٹھاؤ,uthao
چباؤ,chabao
ٹکراؤ,takrao
پلٹاؤ,paltao
پھیلاؤ,phelao
بہکاؤ,behkao
لاؤ,lao
شرماؤ,sharmao
جلاؤ,jalao
دھندلاؤ,dhundlao
جتاؤ,jatao
جگاؤ,jagao
کھاؤ,khao
پیؤ,pio
دھوؤ,dhoo
نہاؤ,nahao
پڑھاؤ,pardhao
پکاؤ,pakao
سوؤ,soo
جاؤ,jao
آؤ,aao
سمجھاؤ,samjhao
بتاؤ,batao
کرواؤ,krwao
کھلاؤ,khilao
بلاؤ,bulao
کھوؤ,khoo
بنواؤ,banwao
پکواؤ,pakwao
دلواؤ,dhulwao
نہلاؤ,nehlao
لکھواؤ,likhao
سلاؤ,silao
کٹواؤ,katwao
سناؤ,sunao
سمبھالو,sambhalo
خریدو,khareedo
لو,lo
بانٹو,banto
باندھو,bandho
گھورو,ghooro
دو,do
گزارو,guzaro
ڈھونڈو,dhoondo
چیخو,cheekho
ملو,milo
گرو,giro
پھینکو,phaikho
ہارو,haro
دھکیلو,dhaikelo
کھینچو,khaincho
پھسلو,philsalo
پکڑو,pakrdo
نچوڑو,nachordo
کاٹو,kaato
مڑو,murdo
رکھو,rakho
کھیلو,khailo
چلو,chalo
لپیٹو,lapaito
چھیلو,cheelo
کرو,kro
پھنسو,phanso
ڈرو,dordo
گھسو,ghuso
بیٹھو,bhaitho
جھکو,jhuko
اڑو,urdho
بہو,baho
سلو,silo
مارو,maro
نگلو,niglo
چوسو,chuso
کھودو,khodo
ٹھہرو,thehro
پھیلو,phelo
ڈوبو,doobo
جھٹکو,jhatko
کھولو,kholo
پلٹو,palto
تیرو,tairo
چھڑکو,chirdko
پرکھو,parkho
لڑو,lardo
مانگو,mango
ابالو,ubalo
موڑو,mordo
جنو,jano
دیکھو,deikho
کھلو,khilo
جلو,jalo
کسو,kaso
پوچھو,pucho
سراہو,saraho
ٹالو,taalo
بچو,bacho
جاگو,jaago
بغشو,bakhso
پڑھو,pardho
سیکھو,sikho
لکھو,likho
کہو,kaho
بیچو,baicho
بھاگو,bhago
اٹھو,utho
سنو,suno
رہو,raho
بولو,bolo
بھیجو,bhejho
دکھو,dukho
سمجھو,samjho
بھولو,bhoolo
چھوڑو,chordo
لیٹو,leito
جیتو,jeeto
پہنچائے,pohanchaye
چھپائے,chupaye
منائے,manaye
سکھائے,sikhaye
لگائے,lagaye
چھوئے,chuye
بنائے,banaye
لٹکائے,latkaye
کھجائے,khujaye
اٹھائے,uthaye
چبائے,chabaye
ٹکرائے,takraye
پلٹائے,paltaye
پھیلائے,phelaye
بہکائے,behkaye
لائے,laye
شرمائے,sharmaye
جلائے,jalaye
دھندلائے,dhundlaye
جتائے,jataye
جگائے,jagaye
کھائے,khaye
پیئے,piye
دھوئے,dhoye
نہائے,nahaye
پڑھائے,pardhaye
پکائے,pakaye
سوئے,soye
جائے,jaye
آئے,aaye
سمجھائے,samjhaye
بتائے,bataye
کروائے,krwaye
کھلائے,khilaye
بلائے,bulaye
کھوئے,khoye
بنوائے,banwaye
پکوائے,pakwaye
دلوائے,dhulwaye
نہلائے,nehlaye
لکھوائے,likhaye
سلائے,silaye
کٹوائے,katwaye
سنائے,sunaye
سمبھالے,sambhale
خریدے,khareede
لے,le
بانٹے,bante
باندھے,bandhe
گھورے,ghoore
دے,de
گزارے,guzare
ڈھونڈے,dhoonde
چیخے,cheekhe
ملے,mile
گرے,gire
پھینکے,phaikhe
ہارے,hare
دھکیلے,dhaikele
کھینچے,khainche
پھسلے,philsale
پکڑے,pakrde
نچوڑے,nachorde
کاٹے,kaate
مڑے,murde
رکھے,rakhe
کھیلے,khaile
چلے,chale
لپیٹے,lapaite
چھیلے,cheele
کرے,kre
پھنسے,phanse
ڈرے,dorde
گھسے,ghuse
بیٹھے,bhaithe
جھکے,jhuke
اڑے,urdhe
بہے,bahe
سلے,sile
مارے,mare
نگلے,nigle
چوسے,chuse
کھودے,khode
ٹھہرے,thehre
پھیلے,phele
ڈوبے,doobe
جھٹکے,jhatke
کھولے,khole
پلٹے,palte
تیرے,taire
چھڑکے,chirdke
پرکھے,parkhe
لڑے,larde
مانگے,mange
ابالے,ubale
موڑے,morde
جنے,jane
دیکھے,deikhe
کھلے,khile
جلے,jale
کسے,kase
پوچھے,puche
سراہے,sarahe
ٹالے,taale
بچے,bache
جاگے,jaage
بغشے,bakhse
پڑھے,pardhe
سیکھے,sikhe
لکھے,likhe
کہے,kahe
بیچے,baiche
بھاگے,bhage
اٹھے,uthe
سنے,sune
رہے,rahe
بولے,bole
بھیجے,bhejhe
دکھے,dukhe
سمجھے,samjhe
بھولے,bhoole
چھوڑے,chorde
لیٹے,leite
جیتے,jeete
پہنچائیں,pohanchaain
چھپائیں,chupaain
منائیں,manaain
سکھائیں,sikhaain
لگائیں,lagaain
چھوئیں,chuain
بنائیں,banaain
لٹکائیں,latkaain
کھجائیں,khujaain
اٹھائیں,uthaain
چبائیں,chabaain
ٹکرائیں,takraain
پلٹائیں,paltaain
پھیلائیں,phelaain
بہکائیں,behkaain
لائیں,laain
شرمائیں,sharmaain
جلائیں,jalaain
دھندلائیں,dhundlaain
جتائیں,jataain
جگائیں,jagaain
کھائیں,khaain
پیئیں,piain
دھوئیں,dhoain
نہائیں,nahaain
پڑھائیں,pardhaain
پکائیں,pakaain
سوئیں,soain
جائیں,jaain
آئیں,aaain
سمجھائیں,samjhaain
بتائیں,bataain
کروائیں,krwaain
کھلائیں,khilaain
بلائیں,bulaain
کھوئیں,khoain
بنوائیں,banwaain
پکوائیں,pakwaain
دلوائیں,dhulwaain
نہلائیں,nehlaain
لکھوائیں,likhaain
سلائیں,silaain
کٹوائیں,katwaain
سنائیں,sunaain
سمبھالیں,sambhalain
خریدیں,khareedain
لیں,lain
بانٹیں,bantain
باندھیں,bandhain
گھوریں,ghoorain
دیں,dain
گزاریں,guzarain
ڈھونڈیں,dhoondain
چیخیں,cheekhain
ملیں,milain
گریں,girain
پھینکیں,phaikhain
ہاریں,harain
دھکیلیں,dhaikelain
کھینچیں,khainchain
پھسلیں,philsalain
پکڑیں,pakrdain
نچوڑیں,nachordain
کاٹیں,kaatain
مڑیں,murdain
رکھیں,rakhain
کھیلیں,khailain
چلیں,chalain
لپیٹیں,lapaitain
چھیلیں,cheelain
کریں,krain
پھنسیں,phansain
ڈریں,dordain
گھسیں,ghusain
بیٹھیں,bhaithain
جھکیں,jhukain
اڑیں,urdhain
بہیں,bahain
سلیں,silain
ماریں,marain
نگلیں,niglain
چوسیں,chusain
کھودیں,khodain
ٹھہریں,thehrain
پھیلیں,phelain
ڈوبیں,doobain
جھٹکیں,jhatkain
کھولیں,kholain
پلٹیں,paltain
تیریں,tairain
چھڑکیں,chirdkain
پرکھیں,parkhain
لڑیں,lardain
مانگیں,mangain
ابالیں,ubalain
موڑیں,mordain
جنیں,janain
دیکھیں,deikhain
کھلیں,khilain
جلیں,jalain
کسیں,kasain
پوچھیں,puchain
سراہیں,sarahain
ٹالیں,taalain
بچیں,bachain
جاگیں,jaagain
بغشیں,bakhsain
پڑھیں,pardhain
سیکھیں,sikhain
لکھیں,likhain
کہیں,kahain
بیچیں,baichain
بھاگیں,bhagain
اٹھیں,uthain
سنیں,sunain
رہیں,rahain
بولیں,bolain
بھیجیں,bhejhain
دکھیں,dukhain
سمجھیں,samjhain
بھولیں,bhoolain
چھوڑیں,chordain
لیٹیں,leitain
جیتیں,jeetain
پہنچایا,pohanchaya
چھپایا,chupaya
منایا,manaya
سکھایا,sikhaya
لگایا,lagaya
چھویا,chuya
بنایا,banaya
لٹکایا,latkaya
کھجایا,khujaya
اٹھایا,uthaya
چبایا,chabaya
ٹکرایا,takraya
پلٹایا,paltaya
پھیلایا,phelaya
بہکایا,behkaya
لایا,laya
شرمایا,sharmaya
جلایا,jalaya
دھندلایا,dhundlaya
جتایا,jataya
جگایا,jagaya
کھایا,khaya
پییا,piya
دھویا,dhoya
نہایا,nahaya
پڑھایا,pardhaya
پکایا,pakaya
سویا,soya
جایا,jaya
آیا,aaya
سمجھایا,samjhaya
بتایا,bataya
کروایا,krwaya
کھلایا,khilaya
بلایا,bulaya
کھویا,khoya
بنوایا,banwaya
پکوایا,pakwaya
دلوایا,dhulwaya
نہلایا,nehlaya
لکھوایا,likhaya
سلایا,silaya
کٹوایا,katwaya
سنایا,sunaya
سمبھالا,sambhala
خریدا,khareeda
لا,la
بانٹا,banta
باندھا,bandha
گھورا,ghoora
دا,da
گزارا,guzara
ڈھونڈا,dhoonda
چیخا,cheekha
ملا,mila
گرا,gira
پھینکا,phaikha
ہارا,hara
دھکیلا,dhaikela
کھینچا,khaincha
پھسلا,philsala
پکڑا,pakrda
نچوڑا,nachorda
کاٹا,kaata
مڑا,murda
رکھا,rakha
کھیلا,khaila
چلا,chala
لپیٹا,lapaita
چھیلا,cheela
کرا,kra
پھنسا,phansa
ڈرا,dorda
گھسا,ghusa
بیٹھا,bhaitha
جھکا,jhuka
اڑا,urdha
بہا,baha
سلا,sila
مارا,mara
نگلا,nigla
چوسا,chusa
کھودا,khoda
ٹھہرا,thehra
پھیلا,phela
ڈوبا,dooba
جھٹکا,jhatka
کھولا,khola
پلٹا,palta
تیرا,taira
چھڑکا,chirdka
پرکھا,parkha
لڑا,larda
مانگا,manga
ابالا,ubala
موڑا,morda
جنا,jana
دیکھا,deikha
کھلا,khila
جلا,jala
کسا,kasa
پوچھا,pucha
سراہا,saraha
ٹالا,taala
بچا,bacha
جاگا,jaaga
بغشا,bakhsa
پڑھا,pardha
سیکھا,sikha
لکھا,likha
کہا,kaha
بیچا,baicha
بھاگا,bhaga
اٹھا,utha
سنا,suna
رہا,raha
بولا,bola
بھیجا,bhejha
دکھا,dukha
سمجھا,samjha
بھولا,bhoola
چھوڑا,chorda
لیٹا,leita
جیتا,jeeta
پہنچائی,pohanchayi
چھپائی,chupayi
منائی,manayi
سکھائی,sikhayi
لگائی,lagayi
چھوئی,chuyi
بنائی,banayi
لٹکائی,latkayi
کھجائی,khujayi
اٹھائی,uthayi
چبائی,chabayi
ٹکرائی,takrayi
پلٹائی,paltayi
پھیلائی,phelayi
بہکائی,behkayi
لائی,layi
شرمائی,sharmayi
جلائی,jalayi
دھندلائی,dhundlayi
جتائی,jatayi
جگائی,jagayi
کھائی,khayi
پیئی,piyi
دھوئی,dhoyi
نہائی,nahayi
پڑھائی,pardhayi
پکائی,pakayi
سوئی,soyi
جائی,jayi
آئی,aayi
سمجھائی,samjhayi
بتائی,batayi
کروائی,krwayi
کھلائی,khilayi
بلائی,bulayi
کھوئی,khoyi
بنوائی,banwayi
پکوائی,pakwayi
دلوائی,dhulwayi
نہلائی,nehlayi
لکھوائی,likhayi
سلائی,silayi
کٹوائی,katwayi
سنائی,sunayi
سمبھالی,sambhali
خریدی,khareedi
لی,li
بانٹی,banti
باندھی,bandhi
گھوری,ghoori
دی,di
گزاری,guzari
ڈھونڈی,dhoondi
چیخی,cheekhi
ملی,mili
گری,giri
پھینکی,phaikhi
ہاری,hari
دھکیلی,dhaikeli
کھینچی,khainchi
پھسلی,philsali
پکڑی,pakrdi
نچوڑی,nachordi
کاٹی,kaati
مڑی,murdi
رکھی,rakhi
کھیلی,khaili
چلی,chali
لپیٹی,lapaiti
چھیلی,cheeli
کری,kri
پھنسی,phansi
ڈری,dordi
گھسی,ghusi
بیٹھی,bhaithi
جھکی,jhuki
اڑی,urdhi
بہی,bahi
سلی,sili
ماری,mari
نگلی,nigli
چوسی,chusi
کھودی,khodi
ٹھہری,thehri
پھیلی,pheli
ڈوبی,doobi
جھٹکی,jhatki
کھولی,kholi
پلٹی,palti
تیری,tairi
چھڑکی,chirdki
پرکھی,parkhi
لڑی,lardi
مانگی,mangi
ابالی,ubali
موڑی,mordi
جنی,jani
دیکھی,deikhi
کھلی,khili
جلی,jali
کسی,kasi
پوچھی,puchi
سراہی,sarahi
ٹالی,taali
بچی,bachi
جاگی,jaagi
بغشی,bakhsi
پڑھی,pardhi
سیکھی,sikhi
لکھی,likhi
کہی,kahi
بیچی,baichi
بھاگی,bhagi
اٹھی,uthi
سنی,suni
رہی,rahi
بولی,boli
بھیجی,bhejhi
دکھی,dukhi
سمجھی,samjhi
بھولی,bhooli
چھوڑی,chordi
لیٹی,leiti
جیتی,jeeti
پہنچائے,pohanchaye
چھپائے,chupaye
منائے,manaye
سکھائے,sikhaye
لگائے,lagaye
چھوئے,chuye
بنائے,banaye
لٹکائے,latkaye
کھجائے,khujaye
اٹھائے,uthaye
چبائے,chabaye
ٹکرائے,takraye
پلٹائے,paltaye
پھیلائے,phelaye
بہکائے,behkaye
لائے,laye
شرمائے,sharmaye
جلائے,jalaye
دھندلائے,dhundlaye
جتائے,jataye
جگائے,jagaye
کھائے,khaye
پیئے,piye
دھوئے,dhoye
نہائے,nahaye
پڑھائے,pardhaye
پکائے,pakaye
سوئے,soye
جائے,jaye
آئے,aaye
سمجھائے,samjhaye
بتائے,bataye
کروائے,krwaye
کھلائے,khilaye
بلائے,bulaye
کھوئے,khoye
بنوائے,banwaye
پکوائے,pakwaye
دلوائے,dhulwaye
نہلائے,nehlaye
لکھوائے,likhaye
سلائے,silaye
کٹوائے,katwaye
سنائے,sunaye
سمبھالے,sambhale
خریدے,khareede
لے,le
بانٹے,bante
باندھے,bandhe
گھورے,ghoore
دے,de
گزارے,guzare
ڈھونڈے,dhoonde
چیخے,cheekhe
ملے,mile
گرے,gire
پھینکے,phaikhe
ہارے,hare
دھکیلے,dhaikele
کھینچے,khainche
پھسلے,philsale
پکڑے,pakrde
نچوڑے,nachorde
کاٹے,kaate
مڑے,murde
رکھے,rakhe
کھیلے,khaile
چلے,chale
لپیٹے,lapaite
چھیلے,cheele
کرے,kre
پھنسے,phanse
ڈرے,dorde
گھسے,ghuse
بیٹھے,bhaithe
جھکے,jhuke
اڑے,urdhe
بہے,bahe
سلے,sile
مارے,mare
نگلے,nigle
چوسے,chuse
کھودے,khode
ٹھہرے,thehre
پھیلے,phele
ڈوبے,doobe
جھٹکے,jhatke
کھولے,khole
پلٹے,palte
تیرے,taire
چھڑکے,chirdke
پرکھے,parkhe
لڑے,larde
مانگے,mange
ابالے,ubale
موڑے,morde
جنے,jane
دیکھے,deikhe
کھلے,khile
جلے,jale
کسے,kase
پوچھے,puche
سراہے,sarahe
ٹالے,taale
بچے,bache
جاگے,jaage
بغشے,bakhse
پڑھے,pardhe
سیکھے,sikhe
لکھے,likhe
کہے,kahe
بیچے,baiche
بھاگے,bhage
اٹھے,uthe
سنے,sune
رہے,rahe
بولے,bole
بھیجے,bhejhe
دکھے,dukhe
سمجھے,samjhe
بھولے,bhoole
چھوڑے,chorde
لیٹے,leite
جیتے,jeete
لیا,liya
لیے,liye
دیا,diya
دیے,diye
کیے,kiye
گیا,gaya
گئی,gayi
گئے,gaye
چاول,chawal
روٹی,roti
سبزی,sabzi
مچھلی,machli
بریانی,biryani
پانی,pani
چائے,chay
کپڑا,kaprda
امی,ami
ابو,abu
بھائی,bhai
بہن,behan
چاچا,chacha
چاچی,chachi
چاچو,chachu
نانا,nana
نانی,nani
دادا,dada
دادی,dadi
ماموں,mamu
ممانی,mumani
خالہ,khala
خالو,khalun
گوشت,gosht
گھاس,ghaas
پتا,ptta
کیلا,kela
پنیر,paneer
پپیتا,papeeta
مکئی,makai
ہڈی,handdi
کمرا,kamra
دیوار,diwar
کرسی,kursi
میز,maiz
گاڑی,gardi
چابی,chabi
انگلی,ungli
ہاتھ,haath
تالا,tala
اندازہ,andaza
فیصلا,faisla
دھوکا,dhoka
مطالبہ,mutalba
پابندی,pabandi
حادثہ,haadsa
مکا,mukka
کنگی,kangi
مشکل,muskil
جواب,jawab
سوال,sawal
چھلانگ,chalang
یاد,yaad
قدم,qadam
چوٹ,chot
رنگ,rang
تالی,tali
دورہ,dora
رات,raat
فصل,fasal
قست,qisat
تھپڑ,thapard
دھمکی,dhamki
تھپکی,thapki
دھماکہ,dhamaaka
درخواست,darkhawast
مشورہ,mashwara
حملہ,hamla
شادی,shadi
شکائت,shikayet
بات,baat
دوستی,dosti
غصہ,ghussa
وعدہ,wada
امید,umeed
لات,laat
تعریف,tareef
رقم,raqam
زمہ داری,zimadari
دن,din
مہینہ,maheena
سال,saal
سدی,sadi
کھال,khaal
دل,dil
گردہ,gurda
پھیپھڑا,phepra
دماغ,dimagh
جگر,jigar
چربی,charbi
آنت,aant
رگ,rag
گھٹنا,ghutna
پالک,palk
گھڑا,ghardha
چہرہ,chehra
جسم,jisam
بدن,badan
عضا,azaa
ہتھیلی,hatheli
کوہلا,kohle
ٹانگ,tang
ایڑی,aardi
پنڈلی,pindli
ران,raan
سر,sar
آنکھ,aankh
ناک,naak
کان,kaan
ہونٹ,hont
ماتھا,matha
منہ,mun
دانت,dant
مسوڑا,masurda
زبان,zabaan
گالہ,gala
گال,gaal
ٹھوڑی,thordi
چھاتی,chahti
میدہ,meida
پیٹ,pait
کمر,kamar
ناف,naaf
بال,baal
گردن,garden
ناخن,nakhun
بغل,baghal
پھل,phal
آم,aam
لیمو,limu
ناریل,nariyal
امرود,amrood
گنا,ganna
ٹماٹر,tamatar
خربوزہ,kharbuza
کھیرہ,kheera
بادام,badaam
انار,anaar
ناشپتی,naspati
سیب,seib
کینو,kinu
آلو,aalu
بخارہ,bakhara
شہتوت,shehtoot
خوبانی,khobani
تربوز,tarbooz
آڑو,ardu
باورچی,bawarchi
خانہ,khana
برتن,bartan
کڑاہی,khardayi
دیچکی,daichki
چلہا,culha
چھنہ,channa
کانٹا,kanta
ڈبہ,dabba
چھکو,chhiku
پونی,chay poni
بوری,bori
مرتبان,martban
جگ,jag
کیتلی,ketli
چمچ,chamach
پیالا,piala
کین,can
جھاڑو,jhardoo
رومال,rumaal
ٹوکری,tokri
کچرہ,kachra
کوئلا,koila
زہر,zehar
پلنگ,palang
بستر,bistar
سرہانہ,sarhana
تکیہ,takiya
بتی,batti
گڑیا,gurdiya
الماری,almari
دراز,draz
تصویر,tasveer
آئینہ,aayina
شیشہ,sheesha
گھڑی,ghardi
موم,mom
کنگا,kanga
اٹیچی,ataichi
میز,meiz
کانچ,kanch
پنکھا,pankha
پردہ,parda
اشاڑ,ashaard
قالین,qaleen
بیٹھک,baithak
موسم,mousam
گرمی,garmi
سردی,sardi
بہار,bahaar
خزاں,khazaan
بارش,barish
آلود,alood
ابر,abar
برف,barf  
چمک,chamak
گرج,graj chamk
آسمان,asmaan
آسمانی,asmaani
بجلی,bijli
روشن,roshan
چمکدار,chamkdar
اوس,os
دھند,dhund
گھر,ghar
دروازہ,darwaza
فرش,farash
گلاس,glaas
زمین,zameen
دریا,darya
سمندر,samundar
ندی,nadi
نالا,nala
طوفان,tofan
لفظ,lafaz
روٹیاں,rotian
سبزیاں,sabzian
مچھلیاں,machlian
کپڑے,kaprde
پتے,pate
کیلے,kele
پپیتے,papeete
ہڈیاں,haddian
کمرے,kamre
کرسیاں,kursian
گاڑیاں,gardian
چابیاں,chabian
انگلیاں,unglian
تالے,tale
اندازے,andaze
فیصلے,faisle
دھوکے,dhoke
مطالبے,mutalbe
پاندیاں,pabandian
حادثے,haadse
مکے,mukke
کنگیاں,kangian
مشکلات,mushkelaat
جاوابات,jawabaat
ساوالات,sawalaat
چھلانگیں,chalaangain
یادیں,yaadain
اقدام,iqdaam
چوٹیں,chotain
تالیاں,taliaan
دورے,dore
راتیں,raatain
فصلیں,faslain
قستیں,qistain
دھمکیاں,dhamkiaan
تھپکیاں,thapkian
دھماکے,dhamake
درخواستیں,darkhwastain
مشورے,mashware
حملے,hamle
شادیاں,shadian
شکایات,shikayaat
باتیں,baatain
دوستیاں,dostiaan
غصے,gusse
وعدے,wade
امیدیں,umeedain
لاتیں,laatain
تعریفیں,tareefain
زمہ داریاں,zimadarian
مہنیے,maheene
سدیاں,sadiaan
گردے,gurde
پھیپھڑے,phephrde
آنتیں,aantain
رگیں,ragain
گھٹنے,ghutne
پلکیں,palkain
گھڑے,gharde
چہرے,chehre
اجسام,ijsaam
ہٹھلیاں,hathelian
کوہلے,kuhle
ٹانگیں,taangain
ایڑیاں,erdiaan
پنڈلیاں,pindiliaan
آنکھیں,aankhain
ماتھے,mathe
مسوڑے,masurde
زبانیں,zubanain
گلے,gale
گالیں,galain
ٹھوڑیاں,thordiaan
چھاتیاں,chatiaan
میدے,maide
گردنیں,gardanain
بغلیں,baghlain
گنے,ganne
خربوزے,kharbooze
کھیرے,kheere
خوبانیاں,khobaniaan
خانے,khane
کڑاہیاں,khardahiaan
دیچکیاں,dechkiaan
چلہے,chulhe
چھنے,chhanne
کانٹے,kante
ڈبے,dabbe
بوریاں,buriaan
کیتلیاں,keitliaan
پیالے,pyale
ٹوکریاں,tokriaan
کوئلے,koile
سرہانے,sarhane
تکیے,takiye
بتیاں,battiaan
الماریاں,almariaan
تصاویر,tasaaweer
آئینے,aaene
شیشے,sheeshe
گھڑیاں,ghardiaan
کنگے,kange
پنکھے,pankhe
پردے,parde
بارشیں,barishain
بجلیاں,bijliaan
دروازے,darwaaze
زمینیں,zameenain
ندیاں,nadiaan
نالے,nale
الفاظ,alfaaz
چاولوں,chawalon
روٹیوں,rotion
سبزیوں,sabzion
مچلیوں,machlion
بریانیوں,biryanion
پانیوں,panion
کپڑوں,kaprdon
پتوں,paton
کیلوں,kelon
پپیتوں,papeeton
ہڈیوں,handdion
کمروں,kamron
دیواروں,diwaron
کرسیوں,kursion
گاڑوں,gardion
چابیوں,chabion
انگلیوں,unglion
ہاتھوں,haathon
تالوں,talon
اندازوں,andazon
فیصلوں,faislon
مطالبوں,mutalbon
پابندوں,pabandion
حادثوں,haadson
مکوں,mukkon
کنگیوں,kangion
مشکلوں,mushklon
جوابوں,jawabon
سوالوں,sawalon
چھلانگوں,chalangon
یادوں,yaadon
قدموں,qadmon
چوٹوں,choton
رنگوں,rangon
تالیوں,talion
دوروں,doron
راتوں,raaton
فصلوں,faslon
قستوں,qiston
تھپڑوں,thaprdon
دھمکیوں,dhamkion
تھپکیوں,thapkion
دھماکوں,dhamakon
درخواستوں,darkhwaston
مشوروں,mashwron
حملوں,hamlon
شادیوں,shadion
شکائتوں,shikaton
باتوں,baton
دوستیوں,dostion
وعدوں,wadon
امیدوں,umeedon
لاتوں,laaton
تعریفوں,tareefon
رقوم,raqoom
زمہ داریوں,zimadarion
دنوں,dinon
مہینوں,maheenon
سالوں,saalon
سدیوں,sadion
کھالوں,khalon
دلوں,dilon
گردوں,gurdon
پھیپھڑوں,phephrdon
دماغوں,dimagon
جگروں,jigaron
چربیوں,charbion
آنتوں,aanton
رگوں,ragon
گھٹنوں,ghutnon
پلکوں,palkon
گھڑوں,ghardhon
چہروں,chehron
جسموں,jismon
بندنوں,bandnon
ہتھیلوں,hathelion
کوہلوں,kuhlon
ٹانگوں,tangon
ایڑیوں,erdion
پنڈلیوں,pindlion
رانوں,ranon
سروں,saron
آنکھوں,aankon
ناکوں,naakon
کانوں,kaanon
ہونٹوں,honton
ماتھوں,mathon
دانتوں,dabthon
مسوڑوں,masoordon
زبانوں,zubanon
گلوں,galon
گالوں,gaalon
ٹھوڑیوں,thordion
چھاتیوں,chhation
میدوں,meidon
پیٹوں,peiton
بالوں,baalon
گردنوں,gardanon
ناخنوں,nakhunon
بغلوں,baghalon
پھلوں,phalon
آموں,aamon
امرودوں,amroodon
گنوں,gannon
ٹماٹروں,tamatron
خربوزوں,khaboozon
کھیروں,khreedon
باداموں,badamon
اناوں,anaaron
سیبوں,saibon
کینوؤں,kinu
آلووں,aaluon
شہتوتوں,shehtooton
خوبانیوں,khobanion
تربوزوں,tarboozon
آڑوؤں,aardo
باورچیوں,bawarchion
خانوں,khanon
برتوں,bartanon
کڑاہیوں,kardahion
دیچکیوں,daichkion
چلہوں,chulhon
چھنوں,chhannon
کانٹوں,kaanton
ڈبوں,dabbon
چھکووں,chhikuon
پونیوں,ponion
بوریوں,borion
مرتبانوں,martbanon
کیتلیوں,khaiton
چمچوں,chamchon
پیالوں,pialon
جھاڑووں,jharduon
رومالوں,rumalon
ٹوکریوں,tokrion
کچروں,kachron
کوئلوں,koilon
پلنگوں,palangon
بستروں,bistron
سرہانوں,sarhanon
تکیوں,takion
بتیوں,battion
گڑیوں,gurdion
الماریوں,almarion
درازوں,darazon
تصویروں,tasweeron
آئینوں,aainon
شیشوں,sheeshon
گھڑیوں,ghardion
کنگوں,kangon
کانچوں,kanchon
پنکھوں,pankhon
پردوں,pardon
قالینوں,qaleenon
موسموں,mosamom
گرمیوں,garmion
سردیوں,sardion
بہاروں,baharon
خزاوں,khizaaon
بارشوں,barishon
برفوں,barfon
آسمانوں,aasmaanon
بجلیوں,bijlion
گھروں,gharon
دروازوں,darwazon
فرشوں,farshon
گلاسوں,glaason
زمینوں,zameenon
دریاوں,daryaaon
سمندروں,samundaron
ندیوں,nadion
نالوں,naalon
طوفانوں,tofaanon
لفظوں,lafzon
حاضر,hazir
دفا,difa
واپس,wapis
ادا,ada
ساتھ,saath
قرض,qaraz
پیش,paish
اجازت,ijazat
مسترد,mustrad
اکٹھا,ikattha
مجبور,majboor
قبول,qabool
مہسوس,mehsoos
الزام,ilzaam
ادھار,udhaar
غور,ghor
منتقل,muntqil
پورا,pura
پوری,puri
پورے,pure
پیچھے,piche
آگے,aage
نیچے,niche
سامنے,saamne
اندر,andar
اوپر,upar
تعلق,taluq
الگ,alag
زمہ دار,zima dar
مخالفت,mukhalfat
ظاہر,zahar
توہین,toheen
مہسر,mehsar
ٹیک,taik
ٹھیک,theek
بند,band
پاؤں,paun
تباہ,bahan
عتراف,atraaz
پیچھا,picha
گریز,guraiz
کم,kam
سزا,saza
قبضہ,qabza
سوراکھ,sorakh
روانہ,rawana
اغواہ,aghwa
دودھ,doodh
پیدہ,paida
دبکی,dabki
ہمت,himat
تماکو,tamaku
نوشی,noshi
کدو,kaddo
کش,kash
دعوت,daawat
تنگ,tang
پیمائش,pemaish
مشق,mashaq
ہوا,hawa
خراب,kharab
برقرار,berqaraar
منہ,mun
منسوبہ,mansooba
خون,khoon
سوار,swaar
سانس,saans
سلوک,salook
دعا,doa
جوبن,joban
ڈینگیں,dingain
تعمیر,tameer
دفن,dafan
پھٹ,phat
برش,burash
واقع,waqe
عقیدہ,aqeeda
اعتبار,atbaar
داؤ,dao
بولی,boli
کاری,kari
ضرب,zarab
شہر,shehar
حسین,haseen
دھوکہ,dhokha
التجا,iltja
شروع,shuru
کاروائی,karwai
برداشت,bardasht
عمل,amal
حاصل,hasil
داخل,dakhal
مرتب,martab
متفق,mutfiq
بحث,behas
گرفتار,girftar
ترتیب,terteeb
حیران,heraan
اعلان,alaan
منظور,manzoor
معافی,moaafi
زندگی,zindgi
اترنا,utarna
استطاعت,isttaat
موجود,mojood
شامل,shamil
درد,dard
جذب,jazab
اعتراف,atraaf
نمودار,namoodar
اہتمام,ehtmaam
نماز,namaz
کام,kaam
ناشتہ,nashta
خریداری,khareedari
خریدار,khareedar
انتظار,intezaar
کوشش,koshish
جاڑو,jhardu
سیر,sair
سامنا,samna
پسند,pasand
سابط,sabat
تیار,tyaar
منع,mana
معاف,moaf
پیار,pyar
قسم,qisam
مالش,malish
جھوٹ,jhoot
نہیں,nahi
ابھی,abhi
تک,tak
ہمیشہ,hamesha
ہر,har
کبھی,kabhi
بجے,baje
پیر,peer
منگل,mangal
بدھ,budh
جمرات,jumeraat
جمہ,jumaah
ہفتہ,hafta
ہفتے,hafte
ہفتوں,hafton
اتوار,itwar
صبح,subah
دوپہر,dupehar
شام,sham
شب,shab
باخیر,bakhair
نام,naam
جنوری,january
فروری,february
مارچ,march
اپریل,april
مئی,may
جون,june
جولائی,july
اگست,august
ستمبر,september
اکتوبر,october
نومبر,november
دسمبر,december
سمندری,samundari
دریائی,daryai
طوفانی,tofani
یہ,ye
پاگل,pagal
انہوں,unhon
گھنٹا,ghanta
گنٹے,gnahte
گنٹوں,ghanton
ساحل,sahal
ساحلوں,sahalon
منار,manar
منارے,manare
مناروں,manaron
بندرگاہ,bandar gah
بندرگاہوں,bandar gahon
چوٹی,choti
چوٹیاں,chotiaan
چوٹیوں,chotion
جھیل,jheel
جھیلیں,jheelain
جیھیلوں,jheelon
دکان,dukaan
دکانیں,dukaanain
دکانوں,dukaanon
تالاب,talab
تالابوں,talabon
پل,pul
پلوں,pulon
چٹان,chattan
چٹانیں,chattanain
چٹانوں,chattanon
قبر,qabar
قبریں,qabarain
قبروں,qabaron
سینمہ,cinema
ہسپتال,hasptaal
ہسپتالوں,hasptaalon
اسکول,school
اسکولوں,schoolon
گاؤں,gaaun
سکول,school
سکولوں,schoolon
مرکز,markaz
مرکزوں,markazon
دفتر,daftar
دفاتر,dafatar
دفتروں,daftaron
محل,mehal
محلوں,mehalon
محلات,mehalaat
مندر,mandar
مندوں,mandar
قلعہ,qala
قلعوں,qalon
سڑک,sardak
سڑکیں,sardakain
سڑکوں,sardakon
گلی,gali
گلیاں,galian
گلیوں,galion
بازار,bazar
بازاروں,bazaron
سرکاری,sarkari
عمارت,imarat
عمارتوں,imaraton
عمارات,imaaraat
عمارتیں,imaartain
کار,car
کاریں,karain
کاروں,kaaron
خانہ,khana
باغ,bagh
باغوں,baghon
چڑیا,chirdiya
چڑیوں,chirdiyon
چڑیاں,chirdiyaan
سرنگ,surang
سرنگیں,surangain
سرنگوں,surangon
کھیت,khait
کھیتوں,khaiton
گھاٹی,ghati
گھاٹیوں,ghation
گھاٹیاں,ghatiaan
ہال,haal
ہالوں,haalon
پارک,park
پارکیں,parkain
پارکوں,parkon
دالان,dalaan
دالانوں,dalaanon
پنجرہ,pinjra
پنجرے,pinjre
پنجروں,pinjron
صحرا,sehra
صحراؤں,sehraon
مسجد,masjid
مسجدیں,masjidain
مسجدوں,masjidon
مساجد,masaajid
گرجہ,girja
گرجوں,girjon
ا,a
ب,b
پ,p
ت,t
ٹ,t
ث,s
ج,j
چ,ch
ح,h
خ,kh
د,d
ڈ,d
ذ,z
ر,r
ز,z
ڑ,rd
ژ,y
س,s
ش,sh
ص,s
ض,z
ط,t
ظ,z
ع,a
غ,gh
ف,f
ق,q
ک,k
گ,g
ل,l
م,m
ن,n
و,w
ہ,h
ی,y
ے,y
ھ,h
آ,aa
آرہے,aa rahe
آرہا,aa raha
آرہی,aa rahi
؟,?
۔,.
مصروف,masroof
معزرت,mazrat
بہت,bohat
محبت,mohabat
گاہک,gahak
